{
  "Mat": {
    "Pizza":{
      "1": {
        "Navn": "Margarita",
        "Kategori": "Pizza",
        "Pris": "150 kr",
        "Bilde": "margarita.jpg"
    },
    "2": {
        "Navn": "Pepperoni",
        "Kategori": "Pizza",
        "Pris": "165 kr",
        "Bilde": "pepperoni-pizza.jpg"
    },
    "3": {
        "Navn": "Ham & Cheese",
        "Kategori": "Pizza",
        "Pris": "135 kr",
        "Bilde": "ham.jpg"
    },
    "4": {
        "Navn": "Tex Mex",
        "Kategori": "Pizza",
        "Pris": "180 kr",
        "Bilde": "tex.jpg"
    },
    "5": {
        "Navn": "American dream",
        "Kategori": "Pizza",
        "Pris": "165 kr",
        "Bilde": "americandream.jpg"
    },
    "6": {
        "Navn": "Mozzarella",
        "Kategori": "Pizza",
        "Pris": "145 kr",
        "Bilde": "mozzarela.jpg"
    },
    "7": {
        "Navn": "biff og løk",
        "Kategori": "Pizza",
        "Pris": "165 kr",
        "Bilde": "biff.jpg"
    },
    "8": {
        "Navn": "Calzone med skinke",
        "Kategori": "Pizza",
        "Pris": "110 kr",
        "Bilde": "calzone.jpg"
    },
    "9": {
        "Navn": "Hawaii",
        "Kategori": "Pizza",
        "Pris": "140 kr",
        "Bilde": "hawaii.jpg"
    },
    "10": {
        "Navn": "California",
        "Kategori": "Pizza",
        "Pris": "135 kr",
        "Bilde": "california.jpg"
    }
  },

    "Småretter":{
        "11": {
        "Name": "Tapas",
        "Type1": "Småretter",
        "Pris": "100 kr",
        "ImageURL": "tapas.jpg"
    },
    "12": {
        "Name": "Vårruller",
        "Type1": "Småretter",
        "Pris": "75 kr",
        "ImageURL": "vårruller.jpg"
    },
    "13": {
        "Navn": "Bruschetta",
        "Kategori": "Småretter",
        "Pris": "140 kr",
        "Bilde": "bruschetta.jpg"
    },
    "14": {
        "Navn": "Mozzarella sticks",
        "Kategori": "Småretter",
        "Pris": "145 kr",
        "Bilde": "sticks.jpg"
    },
    "15": {
        "Navn": "Nachos",
        "Kategori": "Småretter",
        "Pris": "99 kr",
        "Bilde": "nachos.jpg"
    },
    "16": {
        "Navn": "Club Sandwich",
        "Kategori": "Småretter",
        "Pris": "85 kr",
        "Bilde": "clubsandwich.jpg"
    },
    "17": {
        "Navn": "Cæsar salat",
        "Kategori": "Småretter",
        "Pris": "135 kr",
        "Bilde": "cæsar.jpg"
    },
    "18": {
        "Navn": "Omelett",
        "Kategori": "Småretter",
        "Pris": "125 kr",
        "Bilde": "omelett.jpg"
    },
    "19": {
        "Navn": "Chia pudding med blåbær",
        "Kategori": "Småretter",
        "Pris": "125 kr",
        "Bilde": "chia.jpg"
    },
    "20": {
        "Navn": "Pai med sopp og bacon",
        "Kategori": "Småretter",
        "Pris": "110 kr",
        "Bilde": "pai.jpg"
    }
  },
      "Burger":{
        "21": {
        "Navn": "American dream",
        "Kategori": "Burger",
        "Pris": "200 kr",
        "Bilde": "americandream.jpg"
    },
    "22": {
        "navn": "Cheese burger",
        "Kategori": "Burger",
        "Pris": "179 kr",
        "Bilde": "cheese.jpg"
    },
    "23": {
        "Navn": "Blue cheese bacon",
        "Kategori": "Burger",
        "Pris": "165 kr",
        "Bilde": "blue.jpg"
    },
    "24": {
        "Navn": "BBQ burger",
        "Kategori": "Burger",
        "Pris": "199 kr",
        "Bilde": "bbq.jpg"
    },
    "25": {
        "Navn": "Bønne burger",
        "Kategori": "Burger",
        "Pris": "220 kr",
        "Bilde": "bønne.jpg"
    },
    "26": {
        "Navn": "Klassisk hamburger",
        "Kategori": "Burger",
        "Pris": "140 kr",
        "Bilde": "hamburger.jpg"
    },
    "27": {
        "Navn": "Mexicansk burger",
        "Kategori": "Burger",
        "Pris": "155 kr",
        "Bilde": "meksikansk.jpg"
    },
    "28": {
        "Navn": "burger med egg",
        "kategori": "Burger",
        "Pris": "165 kr",
        "Bilde": "egg.jpg"
    },
    "29": {
        "Navn": "Cheddar og bacon",
        "Kategori": "Burger",
        "Pris": "185 kr",
        "Bilde": "cheddar.jpg"
    },
    "30": {
        "navn": "Tzatziki",
        "Kategori": "Burger",
        "Pris": "155 kr",
        "Bilde": "tzatziki.jpg"
        }
      }
    }
  }
